-50,-55,-50,-63,1
-46,-40,-62,-49,1
-51,-39,-50,-53,1
-54,-39,0,-55,1
-60,-37,-38,-54,1
0,-40,-34,-71,1
-57,-42,-37,-55,1
-60,-50,-33,-49,1
-57,-43,-34,-69,1
-55,-48,-31,-65,1
-59,-49,-32,-62,1
-52,-42,-29,-54,1
-56,-48,-33,-56,1
-59,-50,-25,-56,1
-59,-46,-25,-60,1
-51,-43,-31,-64,1
-52,-44,-30,-62,1
-54,-44,-33,-57,1
-58,-41,-32,-52,1
-55,-56,-34,-54,1
-80,-42,-34,-61,1
0,-43,-31,-58,1
-60,-49,-26,-70,1
-60,-52,-28,-56,1
-61,-51,-29,-57,1
-60,-51,-28,-59,1
-60,-56,-29,-74,1
-57,-54,-28,-60,1
-51,-45,-28,-66,1
-58,-60,-29,-63,1
0,-55,-30,-59,1
0,-48,-27,-60,1
-55,-54,-27,-65,1
-52,-48,-28,-66,1
0,-42,-29,-68,1
-63,-46,-38,-56,1
0,-41,-34,-57,1
-57,-40,-37,-55,1
-56,-49,-39,-56,1
-58,-43,-45,-52,1
-59,-44,-47,-49,1
-58,-39,-47,-54,1
-55,-48,-53,-62,1
0,-46,-49,-55,1
-59,-46,-55,-63,1
-52,-44,-55,-54,1
-53,-47,0,-55,1
-51,-47,-54,-50,1
0,-42,-56,-51,1
-50,-43,-55,-55,1
-49,-46,-57,-50,1
-51,-40,-50,-65,1
-50,-38,-44,-50,1
-54,-42,-39,-50,1
-51,-39,-39,-51,1
-59,-39,-42,-51,1
0,-44,-37,-50,1
-64,-40,-35,-51,1
-63,-39,-36,-51,1
0,-37,-34,-51,1
-73,-49,-37,-58,1
-63,-40,-35,-54,1
-63,-39,-37,-50,1
-65,-40,-37,-70,1
-55,-45,-31,-54,1
-52,-49,-27,-63,1
-68,-44,-31,-60,1
-55,-51,-34,-70,1
-54,-42,-34,-55,1
-58,-47,-39,-51,1
-64,-43,-35,-54,1
-56,-44,-36,-57,1
-61,-48,-38,-59,1
-62,-39,-29,-58,1
-59,-37,-34,-65,1
-57,-40,-36,-53,1
-58,-40,-40,-52,1
-60,-39,-34,-53,1
-58,-41,-33,-52,1
-59,-38,-33,-52,1
-58,-41,-33,-53,1
-58,-41,-32,-52,1
-64,-40,-34,-54,1
-56,-48,-36,-54,1
-60,-38,-38,-51,1
-64,-37,-35,-57,1
-64,-38,-36,-63,1
-62,-44,-38,-54,1
-69,-39,-36,-54,1
-62,-50,-35,-51,1
-58,-44,-33,-61,1
0,-39,-37,-57,1
-63,-43,-36,-61,1
-54,-45,-43,-57,1
-66,-47,-52,-54,1
-50,-48,-55,-53,1
-49,-41,-56,-51,1
-50,-38,-38,-53,1
-52,-38,-38,-57,1
-51,-44,-39,-58,1
-47,-38,-39,-59,1
-48,-40,-40,-60,1
-52,-41,-45,-55,1
0,-38,-42,-55,1
-49,-38,-40,-60,1
-46,-39,-39,-59,1
-50,-45,-38,-53,1
-66,-36,-41,-53,1
-55,-38,-41,-57,1
-64,-42,-40,-59,1
-56,-40,-37,-50,1
-56,-39,-42,-52,1
-57,-38,-39,-51,1
-56,-40,-39,-50,1
-55,-39,-38,-54,1
-71,-38,-37,-51,1
-69,-37,-36,-62,1
-60,-37,-37,-58,1
-61,-39,-36,-62,1
-71,-44,-34,-63,1
-59,-36,-34,-49,1
-68,-35,-40,-49,1
-66,-38,-35,-53,1
-60,-41,-28,-57,1
-57,-54,-26,-70,1
-55,-45,-28,-56,1
-64,-44,-30,-55,1
-64,-45,-36,-64,1
-57,-39,-37,-48,1
-57,-39,-37,-63,1
-55,-38,-38,-50,1
-55,-45,-38,-50,1
-54,-37,-40,-55,1
-54,-38,-45,-54,1
-55,-39,-45,-61,1
0,-39,-44,-61,1
0,-40,-48,-73,1
-53,-76,-41,-61,1
-52,-39,0,-52,1
-51,-41,-40,-55,1
0,-38,-39,-55,1
-50,-40,-41,-61,1
-50,-44,-38,-50,1
-50,-40,-39,-54,1
-52,-45,-40,-57,1
-51,-44,-42,-54,1
-50,-41,-40,-60,1
-49,-46,-44,-60,1
-50,-41,-45,-56,1
-47,-48,-47,-55,1
-49,-39,-41,-56,1
-50,-39,-42,-56,1
-50,-38,-41,-52,1
-86,-41,-38,-54,1
-48,-42,-41,-58,1
-50,-41,-44,-52,1
-52,-40,-40,-59,1
-49,-40,-41,-62,1
-53,-40,-41,-56,1
-52,-39,-42,-52,1
-55,-39,-42,-66,1
-56,-40,0,-86,1
-55,-41,-43,-62,1
-56,-39,-42,-54,1
-57,-37,-41,-54,1
-56,-39,-40,-53,1
-51,-42,-41,-60,1
-51,-42,-39,-56,1
-52,-39,-42,-61,1
-56,-41,-40,-62,1
-55,-40,-41,-62,1
-55,-42,-39,-64,1
-62,-42,-40,-61,1
-62,-41,-42,-60,1
-65,-39,-40,-66,1
-49,-41,-51,-52,1
-44,-38,-51,-54,1
-52,-39,-67,-56,1
-50,-40,-58,-53,1
-50,-38,-63,-55,1
-49,-38,-66,-55,1
-48,-39,-50,-56,1
0,-41,-64,-54,1
-54,-42,-56,-53,1
-55,-41,-56,-60,1
-59,-44,-46,-52,1
-59,-40,-37,-59,1
-61,-61,-36,-60,1
-57,-50,-38,-64,1
-53,-42,-29,-70,1
0,-43,-30,-68,1
0,-44,-37,-53,1
-56,-44,-35,-54,1
-55,-46,-36,-53,1
-56,-45,0,-52,1
-57,-42,-38,-53,1
-55,-50,-40,-55,1
-56,-40,-38,-56,1
-53,-56,-30,-61,1
-56,-42,-26,-52,1
-66,-43,-45,-54,2
-53,-42,-48,-52,2
-67,-41,-45,-54,2
-52,-56,-44,-52,2
-49,-53,-48,-65,2
-50,-54,-46,-68,2
-51,-70,-47,-66,2
-52,-51,-49,-79,2
-45,-50,-49,-68,2
-44,-51,-48,-66,2
-44,-50,-47,-61,2
0,-52,-47,-63,2
-44,-61,-47,-64,2
-45,-51,-48,-67,2
-42,-50,-48,-65,2
-44,-50,-48,-65,2
-45,-52,-48,-64,2
-44,-56,-47,-65,2
-46,-51,-48,-65,2
-45,-54,-48,-64,2
-44,-54,-48,-63,2
-46,-55,-49,-69,2
-54,-42,-46,-65,2
-67,-45,-49,-51,2
-56,-43,-45,-57,2
-50,-45,-46,-53,2
-47,-42,-48,-58,2
0,-42,-46,-56,2
-49,-38,-48,-54,2
-46,-37,-47,-53,2
-42,-43,-46,-54,2
-43,-40,-46,-64,2
-42,-40,0,-55,2
-43,-39,-43,-55,2
-42,-41,-44,-54,2
-41,-42,-47,-65,2
-42,-41,-50,-51,2
-42,-46,-53,-55,2
-41,-49,-63,-53,2
-42,-49,-67,-57,2
-44,-48,-58,-54,2
-42,-52,-52,-54,2
-43,-40,-54,-54,2
-43,-42,-63,-54,2
-42,-49,-61,-56,2
0,-46,-61,-57,2
-47,-43,-55,-52,2
-47,-39,-48,-54,2
-50,-41,-48,-53,2
-42,-46,-44,-54,2
-52,-41,-54,-55,2
-56,-38,-52,-49,2
-59,-54,-52,-50,2
-70,-47,-46,-58,2
-69,-48,-43,-53,2
-60,-55,-39,-83,2
-59,-50,-39,-74,2
-56,-51,-43,-54,2
0,-45,-39,-59,2
-53,-45,-40,-80,2
-54,-42,-40,-64,2
-53,-50,-38,-68,2
-59,-56,-40,-64,2
-53,-50,-41,-74,2
-64,-47,-47,-63,2
-65,-42,-41,-62,2
-54,-59,-43,-54,2
-56,-41,-54,-56,2
0,-42,-68,-61,2
-43,-45,-59,-58,2
-44,-42,-65,-60,2
-42,-42,-63,-55,2
-44,-42,-65,-52,2
-42,-38,-64,-53,2
-42,-40,0,-54,2
-42,-42,-58,-54,2
-44,-40,-69,-57,2
-45,-42,-53,-56,2
-44,-41,-46,-50,2
-46,-41,-54,-54,2
-45,-42,-45,-57,2
-42,-42,-46,-53,2
-52,-41,-44,-53,2
-48,-41,-41,-51,2
-69,-40,-41,-51,2
-53,-37,-44,-54,2
-61,-41,-43,-56,2
-60,-43,-42,-56,2
-61,-38,-43,-52,2
-57,-40,-40,-50,2
-53,-53,-39,-55,2
-52,-41,-40,-62,2
-63,-40,-39,-62,2
-63,-45,-39,-56,2
-50,-42,0,-62,2
-50,-42,-38,-62,2
-49,-45,-46,-66,2
-48,-47,-47,-64,2
-55,-45,-41,-71,2
-54,-59,-38,-68,2
-58,-50,-40,-64,2
-53,-55,-43,-65,2
-53,-42,-40,-58,2
-58,-50,-41,-58,2
-54,-44,-44,-65,2
-53,-41,-52,-53,2
-52,-47,-62,-60,2
-42,-40,-58,-56,2
-41,-43,-60,-61,2
-41,-45,-56,-52,2
0,-44,-58,-57,2
-48,-43,-53,-56,2
-50,-38,-51,-54,2
-48,-39,-48,-54,2
-48,-50,-49,-53,2
-48,-48,-56,-54,2
-58,-40,-54,-48,2
-53,-42,-50,-53,2
0,-43,-48,-54,2
-53,-51,-44,-48,2
-54,-45,-50,-52,2
-53,-39,-50,-51,2
-48,-47,-50,-50,2
-50,-48,-50,-50,2
-55,-46,-46,-52,2
-51,-40,-48,-64,2
-63,-41,-43,-56,2
-64,-45,-44,-64,2
0,-45,-49,-58,2
-62,-42,-42,-52,2
-65,-48,-39,-50,2
-57,-42,-44,-53,2
-54,-39,-42,-50,2
-63,-43,-37,-63,2
-52,-52,-37,-53,2
-54,-40,-36,-70,2
-63,-46,-36,-53,2
-56,-44,-34,-58,2
-57,-45,0,-58,2
-49,-45,-38,-64,2
0,-55,-40,-64,2
-51,-53,-39,-64,2
-54,-58,-39,-57,2
-56,-46,-46,-62,2
-54,-59,-40,-61,2
-64,-58,-38,-61,2
-55,-45,-38,-64,2
-54,-48,-39,-63,2
-58,-50,-39,-65,2
-57,-57,-40,-65,2
-59,-47,-43,-71,2
-53,-49,-43,-64,2
-49,-46,-41,-57,2
-54,-45,-48,-62,2
-47,-51,-60,-61,2
0,-45,-58,-60,2
-46,-41,-64,-54,2
-45,-39,-64,-56,2
-43,-41,-66,-55,2
-42,-44,-63,-56,2
-44,-42,0,-55,2
-44,-44,-61,-51,2
-43,-47,-57,-53,2
-41,-44,-56,-52,2
-42,-48,-53,-54,2
-45,-41,-47,-64,2
0,-42,-43,-53,2
-41,-41,-41,-51,2
-41,-39,-41,-50,2
-41,-38,-43,-50,2
-41,-39,-43,-50,2
-49,-37,-46,-52,2
-48,-42,-42,-50,2
0,-36,-43,-52,2
-52,-39,-39,-58,2
-64,-40,-44,-53,2
-49,-39,-42,-52,2
-48,-38,-44,-51,2
-47,-43,-80,-54,2
-47,-37,-48,-55,2
-55,-37,-45,-52,2
-61,-38,-43,-57,2
0,-45,-40,-54,2
-56,-47,-40,-55,2
-63,-36,-42,-56,2
-64,-41,-43,-50,2
-64,-43,-39,-50,2
-76,-47,-38,-55,2
-65,-40,-38,-56,2
-76,-54,-41,-58,2
0,-73,-38,-54,2
-61,-51,-37,-61,2
-56,-45,0,-72,2
-53,-51,-39,-65,2
-57,-46,-41,-59,2
-51,-44,-39,-64,2
-50,-55,-44,-64,2
-54,-47,-44,-69,2
-63,-45,-39,-71,2
-53,-49,-42,-65,2
-49,-65,-51,-66,3
-45,-55,-56,-61,3
-42,-51,-60,-63,3
-48,-60,-59,-56,3
-51,-63,-66,-57,3
-50,-48,-59,-60,3
-53,-50,-68,-53,3
-52,-65,-57,-59,3
-48,-56,0,-56,3
-44,-66,-59,-54,3
-48,-54,-53,-72,3
-57,-55,-54,-62,3
-49,-65,-55,-56,3
-47,-83,-50,-63,3
-93,-64,-54,-58,3
-47,-63,-54,-58,3
-47,-64,-53,-58,3
-46,-64,-53,-57,3
-47,-58,-58,-57,3
-49,-66,-53,-62,3
-49,-66,-53,-58,3
-48,-57,-55,-59,3
-46,-62,-52,-61,3
-59,-60,-53,-54,3
-54,-52,-49,-53,3
-44,-57,-47,-54,3
-49,-55,-46,-55,3
-51,-59,-44,-58,3
-47,-57,-44,-51,3
-57,-56,-48,-62,3
-41,-68,-46,-66,3
-50,-63,-47,-70,3
-51,-60,-47,-71,3
-53,-57,-48,-79,3
-53,-58,0,-67,3
-51,-58,-47,-78,3
-44,-66,-46,-74,3
-38,-70,-45,-70,3
-38,-73,-47,-69,3
-39,-66,-47,-68,3
-41,-70,-49,-73,3
-44,-67,-50,-64,3
-40,-62,-49,-84,3
-47,-60,-48,-66,3
-38,-69,-50,-81,3
-43,-64,-48,-67,3
-44,-72,-46,-67,3
-40,-72,-48,-71,3
-48,-64,-48,-71,3
-43,-63,-59,-70,3
-52,-59,-56,-63,3
-49,-88,-53,-64,3
-50,-63,-59,-74,3
-47,-50,-50,-66,3
-48,-54,-48,-59,3
-46,-56,-41,-57,3
-46,-58,0,-56,3
-44,-55,-44,-56,3
0,-86,-43,-58,3
-46,-59,-46,-57,3
-46,-54,-44,-62,3
-47,-52,0,-56,3
-48,-55,-44,-61,3
-44,-59,-47,-58,3
-46,-58,-47,-61,3
-48,-74,-46,-53,3
-49,-54,-46,-53,3
-47,-52,-44,-50,3
-46,-58,-42,-53,3
-43,-59,-43,-56,3
-46,-60,-41,-54,3
-45,-55,-45,-56,3
-45,-55,0,-53,3
-50,-55,-48,-55,3
0,-54,-51,-52,3
-49,-51,-48,-54,3
-51,-56,-45,-55,3
-60,-54,-48,-54,3
-48,-56,-54,-56,3
-53,-53,-55,-57,3
-50,-52,-53,-57,3
-49,-56,-52,-54,3
-51,-57,-52,-53,3
-51,-52,-51,-57,3
-51,-53,-49,-56,3
-51,-53,-51,-58,3
-49,-50,-52,-54,3
-51,-53,-51,-56,3
-48,-53,-51,-55,3
-46,-56,-52,-58,3
-50,-52,-53,-54,3
-51,-52,-52,-63,3
-53,-51,-54,-54,3
-51,-54,-53,-59,3
-50,-52,-52,-57,3
-50,-55,-54,-62,3
-51,-62,-53,-53,3
-49,-54,-54,-56,3
-49,-54,-55,-53,3
-50,-53,0,-54,3
-49,-52,-54,-55,3
-49,-54,-51,-55,3
-49,-52,-53,-54,3
-51,-54,-49,-58,3
-57,-66,0,-64,3
-51,-52,-51,-54,3
-55,-67,0,-55,3
-52,-52,0,-56,3
-54,-65,-50,-67,3
-45,-54,-53,-68,3
-51,-62,-53,-63,3
-59,-62,-51,-63,3
-53,-57,-55,-70,3
-48,-64,-63,-66,3
-53,-53,-59,-68,3
0,-63,-59,-76,3
-47,-52,-58,-57,3
0,-53,-62,-64,3
-41,-57,-59,-64,3
-53,-55,-62,-68,3
-42,-55,-57,-62,3
-39,-56,-57,-62,3
0,-56,-50,-64,3
-43,-63,-48,0,3
-43,-62,-48,-76,3
-46,-63,-49,-66,3
-46,-67,-51,-64,3
0,-61,-64,-64,3
-40,-61,-57,-65,3
-39,-57,-50,-91,3
-39,-63,-53,-65,3
-40,-59,-51,-67,3
-41,-59,-52,-73,3
-41,-66,-49,0,3
-44,-64,0,-68,3
0,-61,-48,-68,3
-40,-56,-46,0,3
-66,-60,-45,-64,3
-46,-58,-43,-82,3
-55,-62,-46,-70,3
-53,-61,-46,0,3
-51,-62,-46,-75,3
-48,-63,-48,-72,3
-43,-60,-47,-73,3
-41,-57,-44,-80,3
0,-60,-45,-80,3
-54,-65,-44,-74,3
-49,-63,-46,-74,3
-52,-61,-46,-71,3
-57,-66,-46,-65,3
-45,-63,-46,-67,3
-52,-60,-45,-76,3
-47,-59,-46,-76,3
-50,-59,-47,-78,3
-42,-59,-44,-78,3
-40,-59,-42,-70,3
-42,-66,-45,-75,3
0,-55,-44,0,3
-53,-54,-44,0,3
-51,-56,-46,-72,3
-46,-53,-47,-72,3
-52,-53,-49,-84,3
-47,-54,-48,0,3
-46,-60,-46,-72,3
-48,-58,-52,-69,3
-52,-66,0,-81,3
-45,-62,-61,-65,3
-44,-56,-64,-63,3
-50,-57,-66,-59,3
-52,-59,-66,-60,3
-51,-55,0,-64,3
-44,-55,-59,-64,3
-49,-56,-68,-63,3
-54,-60,-59,-63,3
-54,-61,-55,0,3
-49,-64,-47,-67,3
0,-58,0,0,3
-50,-58,-57,-63,3
-46,-59,-59,-60,3
-49,-56,-52,-73,3
-47,-51,-52,-73,3
-42,-54,-54,-73,3
-44,-54,-54,-69,3
-52,-54,-54,-67,3
-51,-76,-59,-59,3
-45,-61,-59,-69,3
-57,-61,-53,-68,3
-50,-62,-52,-64,3
-50,-65,0,-65,3
-49,-62,-49,-65,3
-49,-58,-61,0,3
-49,-54,-53,-64,3
-46,-55,-52,0,3
-53,-54,-52,-65,3
-52,-61,-53,-68,3
-49,-54,-50,0,3
-53,-53,-53,-67,3
-50,-54,-51,-64,3
0,-51,-53,-68,3
-46,-52,-54,-66,3
-54,-42,-49,-54,4
-56,-40,-51,-56,4
-54,-41,-51,-52,4
-55,-46,-51,-52,4
-64,-37,-51,-50,4
-57,-53,-62,-53,4
-63,-41,-51,-59,4
-58,-50,-46,-63,4
-55,-51,-47,-62,4
-53,-58,-44,-60,4
-56,-55,-42,-63,4
-56,-54,-42,-65,4
-61,-51,-42,-63,4
-54,-56,-41,-68,4
-53,-54,-44,-64,4
-53,-49,-47,-72,4
-53,-48,-49,-68,4
-46,-49,-47,-52,4
-47,-47,-44,-55,4
-48,-43,-43,-55,4
-60,-48,-44,-61,4
-59,-56,-47,-54,4
-61,-54,-44,-56,4
-58,-45,-46,-51,4
-57,-41,-47,-57,4
-56,-48,-43,-63,4
-61,-46,-47,-63,4
-61,-44,-48,-70,4
-56,-42,-48,-63,4
-55,-43,-47,-56,4
-58,-42,-48,-55,4
-64,-41,-46,-56,4
-57,-45,-48,-63,4
-64,-43,-47,-59,4
-57,-42,-42,-64,4
-57,-46,-47,-55,4
-62,-43,-44,-58,4
-71,-44,-47,-61,4
-71,-45,-45,-66,4
-58,-48,-42,-58,4
-64,-44,-44,-63,4
-62,-44,-46,-51,4
-55,-48,-44,-71,4
-55,-48,-42,-61,4
-56,-48,-42,-58,4
-59,-42,-46,-60,4
-64,-47,-46,-56,4
-55,-50,-43,-52,4
-57,-50,-45,-51,4
-52,-50,0,-51,4
-54,-55,-45,-51,4
-62,-54,-44,-53,4
-53,-49,-46,-55,4
-57,-37,-52,-58,4
-56,-38,-54,-49,4
-55,-40,-53,-46,4
-58,-50,-52,-47,4
-53,-43,-55,-53,4
-54,-46,-57,-53,4
-62,-50,-54,-54,4
-52,-40,-55,-55,4
-60,-43,-53,-55,4
-60,-41,-55,-48,4
-52,-46,-53,-52,4
-50,-42,-59,-52,4
-55,-41,-47,-58,4
-53,-43,-49,-62,4
-51,-43,-52,-55,4
-50,-47,-53,-49,4
-50,-41,-53,-50,4
-50,-38,-51,-54,4
-51,-39,0,-48,4
-51,-40,-53,-51,4
-50,-44,-54,-50,4
-46,-45,-54,-49,4
-51,-38,-52,-51,4
-50,-38,-52,-56,4
-55,-37,-51,-47,4
-53,-40,-49,-49,4
-60,-37,-50,-45,4
-61,-40,-50,-46,4
-52,-39,-48,-54,4
-50,-39,-47,-55,4
-49,-39,-49,-53,4
-50,-41,-46,-55,4
-53,-40,-49,-62,4
-49,-42,-44,-52,4
-55,-39,-45,-57,4
-54,-39,-51,-51,4
-53,-36,-49,-47,4
-59,-39,-48,-49,4
-61,-43,-48,-50,4
-54,-41,-57,-48,4
-60,-40,-56,-45,4
-61,-47,-52,-47,4
-58,-42,-52,-45,4
-63,-42,-53,-54,4
-57,-39,-46,-49,4
-55,-45,-49,-53,4
-50,-49,-50,-53,4
-51,-52,-50,-51,4
-48,-49,-47,-54,4
-55,-51,-45,-53,4
-62,-59,-44,-53,4
-49,-61,-47,-53,4
-50,-58,-45,-53,4
-58,-53,-44,-54,4
-53,-62,0,-58,4
-45,-56,-44,-67,4
-51,-58,-42,-64,4
-53,-54,-44,-57,4
-50,-52,-45,-60,4
-54,-55,-43,-56,4
-54,-58,-43,-58,4
-57,-47,-44,-57,4
-51,-48,-48,-56,4
-58,-47,-44,-58,4
-48,-52,-43,-63,4
-50,-51,-43,-58,4
-64,-61,-42,-59,4
-53,-51,-44,-64,4
-56,-55,-45,-61,4
-46,-51,-47,-52,4
-56,-52,-43,-58,4
-50,-51,-42,-65,4
-56,-50,-43,-58,4
-54,-52,-44,-62,4
-52,-53,-43,-65,4
-48,-53,-46,-61,4
-54,-51,-44,-59,4
-49,-50,-44,-58,4
-46,-50,-48,-58,4
-46,-54,-47,-64,4
-50,-50,-45,-58,4
-55,-91,-44,-57,4
0,-49,-44,-57,4
-52,-50,-44,-57,4
-52,-50,-44,-58,4
-48,-55,-49,-61,4
-54,-54,-45,-65,4
-45,-41,-46,-63,4
-62,-42,-46,-56,4
-57,-38,-50,-51,4
-63,-38,-51,-51,4
-54,-41,-50,-43,4
-54,-41,-52,-46,4
-56,-42,-51,-45,4
-55,-37,-50,-50,4
-62,-39,-47,-57,4
-57,-41,-52,-55,4
-68,-47,-66,-56,4
-54,-47,-57,-60,4
-56,-52,-53,-60,4
-52,-55,-50,-61,4
-72,-52,-45,-59,4
-65,-51,-42,-57,4
-55,-51,-43,-58,4
-68,-51,-45,-56,4
-64,-50,-43,-55,4
-57,-54,-44,-57,4
-66,-43,-46,-55,4
-69,-53,-44,-59,4
-54,-49,-43,-61,4
-73,-45,-44,-64,4
-78,-47,-41,-61,4
-51,-47,-42,-61,4
-70,-47,-46,-55,4
-62,-50,-47,-61,4
-53,-50,-43,-58,4
-66,-48,-42,-54,4
-73,-45,-44,-57,4
-79,-54,-49,-60,4
-49,-54,-49,-59,4
-48,-49,-51,-71,4
-51,-53,-47,-67,4
-51,-49,-47,-66,4
-49,-49,-46,-63,4
-53,-48,-48,-64,4
-61,-60,-45,-53,4
-51,-48,-47,-55,4
-57,-44,-45,-54,4
-62,-43,-45,-53,4
-52,-42,-50,-56,4
-50,-42,-52,-65,4
-51,-44,-52,-64,4
-52,-44,-52,-60,4
-56,-44,-55,-57,4
-54,-44,-56,-56,4
-52,-43,-49,-58,4
-69,-47,-51,-52,4
-55,-37,-47,-53,4
-48,-42,-49,-57,4
-56,-55,-52,-51,4
-53,-49,-44,-68,4
-61,-42,-43,-53,4
-56,-40,-41,-52,4
-52,-40,-40,-53,4
-52,-41,-40,-50,4
-50,-39,-42,-50,4
-51,-39,0,-50,4
-61,-35,-53,-49,5
-58,-31,-54,-47,5
-57,-30,-54,-50,5
-54,-29,-55,-50,5
-54,-29,-54,-46,5
-58,-31,-60,-46,5
-61,-31,-54,-47,5
-58,-31,-57,-47,5
-58,-31,-54,-50,5
-59,-31,-55,-47,5
-58,-31,-57,-48,5
-58,-31,-62,-46,5
-52,-39,-57,-54,5
-52,-41,-51,-51,5
-55,-55,-49,-48,5
-57,-59,-49,-51,5
-50,-47,-51,-50,5
-51,-34,-50,-63,5
-59,-39,-47,-54,5
-67,-40,-53,-66,5
-63,-34,-42,-65,5
-68,-41,-51,-55,5
-58,-35,-55,-51,5
-62,-41,-54,-47,5
-62,-41,-63,-58,5
-66,-37,-54,-48,5
-62,-37,-49,-56,5
-63,-41,-45,-52,5
-63,-43,-50,-52,5
-65,-34,-48,-54,5
-67,-35,-59,-52,5
-64,-45,-53,-54,5
-63,-38,-56,-52,5
-59,-37,-64,-63,5
-57,-33,-49,-51,5
-71,-29,-56,-54,5
-60,-31,-63,-50,5
-58,-27,-66,-51,5
-64,-35,-57,-52,5
-63,-35,-53,-49,5
-59,-33,-58,-63,5
-58,-35,-57,-50,5
-62,-35,-56,-50,5
-59,-36,-59,-51,5
-70,-36,-57,-49,5
-64,-35,-54,-51,5
-61,-33,-56,-49,5
-55,-32,-53,-51,5
-62,-30,-52,-50,5
-63,-30,-54,-52,5
-62,-31,-52,-51,5
-67,-33,-52,-50,5
-56,-34,-55,-51,5
-62,-43,-54,-49,5
-62,-50,-46,-50,5
-63,-60,-48,-50,5
-66,-54,-51,-50,5
-54,-54,-47,-54,5
-57,-59,-52,-50,5
-61,-55,-49,-51,5
-53,-50,-47,-52,5
-57,-55,-53,-54,5
-64,-55,-51,-50,5
-63,-48,-51,-50,5
-58,-47,-50,-53,5
0,-58,-48,-56,5
-63,-54,-50,-64,5
-52,-50,-52,-63,5
0,-51,-43,-67,5
-52,-48,-44,-57,5
-53,-52,-44,-57,5
-56,-53,-44,-56,5
-58,-56,-47,-64,5
-57,-54,-46,-62,5
-61,-56,-45,-60,5
-54,-54,-45,-59,5
-55,-52,-47,-58,5
-76,-49,-52,-65,5
-57,-62,-47,-52,5
-63,-42,-46,-53,5
-52,-35,-50,-66,5
-61,-35,-49,-63,5
-62,-43,-48,-63,5
-68,-40,-48,-56,5
-61,-36,-43,-54,5
-73,-37,-44,-56,5
-61,-39,-49,-62,5
-67,-42,-56,-50,5
-68,-41,-52,-54,5
-66,-45,-53,-58,5
-74,-44,-54,-57,5
-65,-58,-52,-58,5
-65,-39,-57,-59,5
-59,-39,-44,-53,5
-61,-38,-43,-56,5
-64,-37,-44,-50,5
-65,-34,-45,-57,5
-63,-34,-50,-55,5
-59,-33,-52,-50,5
-72,-44,-52,-61,5
-69,-33,-48,-52,5
-64,-30,-46,-48,5
-65,-37,-46,-50,5
-63,-37,-46,-50,5
-68,-37,-50,-51,5
-63,-39,-51,-50,5
-63,-37,-45,-53,5
-61,-38,-44,-59,5
-61,-40,-47,-51,5
-63,-35,-54,-51,5
-73,-32,-56,-50,5
-61,-33,0,-48,5
-72,-30,-60,-47,5
-57,-29,-55,-58,5
-65,-29,-54,-55,5
-55,-30,-53,-60,5
-64,-36,-55,-51,5
-51,-47,-51,-47,5
-64,-40,-57,-49,5
-63,-30,-49,-54,5
-54,-31,-58,-50,5
-57,-39,-52,-47,5
-67,-40,-51,-50,5
-61,-64,-55,-50,5
-58,-40,-46,-57,5
-65,-42,-53,-69,5
-55,-39,-47,-54,5
-64,-44,-46,-64,5
-61,-35,-53,-70,5
-61,-39,-52,-53,5
-65,-37,-47,-58,5
-62,-35,-46,-56,5
-67,-36,-49,-55,5
-54,-37,-50,-61,5
-63,-37,-48,-62,5
-63,-35,-49,-53,5
-59,-41,-49,-54,5
-65,-33,-49,-49,5
-62,-36,-47,-65,5
-75,-41,-50,-56,5
-60,-35,-45,-52,5
-65,-37,-48,-55,5
-76,-39,-46,-49,5
-63,-34,-54,-50,5
-65,-31,-50,-58,5
0,-39,-44,-54,5
-63,-39,-45,-53,5
-67,-35,-49,-51,5
-60,-35,-47,-54,5
-63,-32,-45,-56,5
-64,-33,-43,-52,5
-59,-38,-41,-64,5
-66,-38,-44,-53,5
-62,-35,-46,-51,5
-57,-37,-42,-50,5
-65,-36,-50,-54,5
-59,-36,-50,-49,5
-71,-36,-49,-53,5
-59,-34,-48,-54,5
-62,-34,-51,-53,5
-63,-40,-50,-51,5
-66,-36,-49,-56,5
-61,-40,-47,-57,5
-55,-36,-44,-52,5
-55,-44,-50,-63,5
-58,-56,-48,-46,5
-63,-45,-48,-51,5
-67,-42,-51,-54,5
-73,-31,-52,-55,5
-64,-32,-62,-48,5
0,-28,-57,-52,5
-62,-30,-56,-59,5
-68,-34,-50,-50,5
-70,-34,-50,-54,5
-55,-35,-48,-53,5
-56,-50,-51,-50,5
-57,-50,-57,-53,5
-71,-40,-48,-53,5
-56,-41,-51,-49,5
-73,-32,-52,-48,5
-50,-35,-55,-50,5
-54,-36,-55,-50,5
-54,-31,-51,-45,5
-59,-32,-54,-47,5
-52,-32,-53,-51,5
-57,-34,-58,-46,5
-61,-32,-56,-49,5
-60,-31,-55,-49,5
-66,-30,-61,-50,5
-58,-30,-55,-54,5
-68,-32,-56,-52,5
-64,-30,0,-50,5
-56,-30,-56,-51,5
-55,-38,-50,-54,5
-56,-47,-51,-50,5
-50,-56,-50,-47,5
-61,-56,-49,-50,5
-68,-51,-50,-50,5
-54,-35,-52,-47,5
0,-34,-53,-44,5
-59,-41,-56,-72,6
-64,-34,-53,-62,6
-63,-36,-54,-85,6
-60,-35,-53,-57,6
-64,-34,-56,-62,6
-62,-34,-56,-62,6
-63,-38,-59,-61,6
-64,-36,-54,-72,6
-64,-36,-53,-67,6
-65,-31,-58,-64,6
-59,-30,-54,-67,6
-57,-28,-55,-64,6
-67,-20,-53,-78,6
-55,-17,-52,-64,6
-53,-15,-53,-61,6
-55,-16,-51,-59,6
-54,-24,-52,-64,6
-57,-22,-51,-68,6
-58,-22,-66,-64,6
-61,-44,-54,-52,6
-54,-38,-60,-66,6
-53,-36,-54,-57,6
-53,-37,-57,-59,6
-56,-37,-53,-61,6
-56,-23,-55,-56,6
-52,-33,-57,-64,6
-57,-30,-62,-72,6
-57,-35,-57,-57,6
-56,-33,-68,-67,6
-62,-50,-52,-61,6
-55,-44,-62,-56,6
-57,-58,-55,-56,6
-54,-46,-54,-54,6
-54,-43,-53,-59,6
-54,-52,-55,-64,6
-53,-53,-56,-61,6
-60,-42,-59,-60,6
-56,-50,-58,-57,6
-56,-42,-63,-53,6
-55,-45,-57,-53,6
-53,-54,-60,-57,6
-53,-51,0,-58,6
-53,-40,-57,-58,6
-57,-44,-55,-57,6
-56,-54,-54,-61,6
-61,-44,-53,-59,6
-60,-33,-59,-56,6
-57,-37,-64,-64,6
-67,-37,-62,-73,6
-61,-31,-56,-57,6
-64,-29,-62,-69,6
-63,-31,-66,-63,6
-64,-39,-62,-64,6
-75,-34,-64,-70,6
-66,-26,-63,-59,6
-65,-24,-69,-63,6
-64,-25,-63,-65,6
-55,-22,-64,-66,6
-62,-20,-59,-59,6
-66,-35,-57,-57,6
-55,-28,-58,-65,6
-56,-27,-52,-64,6
-58,-31,-51,-77,6
-54,-28,-54,-65,6
-62,-30,-50,-63,6
-67,-35,-57,-58,6
-52,-40,-57,-56,6
-64,-36,-55,-63,6
-58,-27,-56,-58,6
-56,-26,-58,-53,6
-66,-30,-58,-58,6
-61,-30,-61,-58,6
-61,-34,-58,-73,6
-62,-41,-60,-76,6
-59,-28,-54,-64,6
-57,-40,-49,-63,6
-67,-40,-49,-66,6
-58,-39,-60,-60,6
-52,-33,-52,-64,6
-55,-37,-55,-63,6
-61,-26,-55,-62,6
-58,-30,-53,-63,6
-70,-26,-51,-52,6
-76,-30,-52,-53,6
-58,-30,-53,-54,6
-58,-33,-55,-53,6
-57,-31,-55,-50,6
-58,-30,-56,-54,6
-62,-29,-55,-54,6
-78,-32,-49,-57,6
-61,-28,-53,-61,6
-62,-27,-62,-59,6
-65,-28,-55,-70,6
-58,-29,-54,-66,6
-57,-35,-55,-63,6
-58,-33,-52,-47,6
-55,-36,-56,-48,6
-59,-34,-51,-47,6
-59,-38,-53,-47,6
-58,-40,-46,-50,6
-57,-39,-50,-50,6
-59,-38,-47,-51,6
-58,-37,-46,-51,6
-58,-35,-48,-50,6
-58,-34,-53,-49,6
-55,-42,-52,-43,6
-55,-45,-50,-47,6
-59,-53,-50,-43,6
-61,-55,-47,-42,6
-64,-29,-43,-43,6
-69,-33,-50,-47,6
-57,-34,-51,-51,6
-62,-32,-50,-48,6
-61,-33,-53,-45,6
-58,-35,-62,-45,6
-57,-32,-54,-45,6
-59,-31,-49,-42,6
-61,-43,-49,-48,6
-56,-32,-47,-44,6
-55,-32,-50,-49,6
-57,-37,-51,-53,6
-58,-27,-51,-46,6
-55,-27,-51,-52,6
-58,-25,-53,-54,6
-57,-26,-53,-53,6
-58,-28,-54,-53,6
-55,-26,-54,-53,6
-57,-28,-53,-54,6
-54,-29,-53,-53,6
-57,-28,-55,-54,6
-56,-33,-56,-53,6
-56,-26,-55,-54,6
-54,-27,-54,-53,6
-60,-26,-52,-54,6
-58,-31,0,-54,6
-57,-41,-51,-57,6
-55,-27,-51,-50,6
-58,-28,-53,-64,6
-54,-27,-58,-67,6
-56,-31,-56,-69,6
-54,-37,-55,-60,6
-51,-36,-56,-54,6
-52,-34,-55,-61,6
-53,-31,-53,-65,6
-53,-39,-54,-62,6
-55,-43,-54,-61,6
-53,-38,-53,-60,6
-53,-31,-54,-62,6
-54,-37,-54,-57,6
-58,-40,-58,-63,6
-58,-42,-54,-60,6
-56,-30,-57,-64,6
-56,-43,-56,-65,6
-54,-42,-49,-58,6
-57,-33,-57,-63,6
0,-42,-53,-64,6
-54,-33,-55,-81,6
-53,-34,-56,-67,6
-52,-31,-54,-64,6
-56,-27,-50,-58,6
-58,-25,-56,-76,6
-64,-26,-51,-72,6
-62,-26,-51,-67,6
-61,-29,-50,-71,6
-62,-26,-53,-73,6
-61,-26,-51,-65,6
-63,-29,-51,-64,6
-65,-24,-51,-67,6
-57,-25,-51,-52,6
-61,-24,-51,-64,6
-59,-24,-51,-65,6
-63,-23,-51,-65,6
-59,-27,-51,-63,6
-61,-25,-51,-70,6
-53,-34,-53,-64,6
-53,-35,-53,-63,6
-55,-31,-55,-69,6
-56,-33,-50,-74,6
-53,-26,-53,-63,6
-54,-26,-53,-63,6
-54,-25,-55,-65,6
-56,-26,-51,-64,6
-54,-32,-59,-61,6
-56,-37,-62,-63,6
-55,-30,-54,-65,6
-58,-35,-55,-63,6
-54,-42,-56,-59,6
-55,-43,-54,-65,6
-57,-34,-55,-64,6
-54,-34,-53,-65,6
-53,-41,-53,-68,6
-54,-40,-53,-71,6
-55,-49,-54,-65,6
-54,-35,-53,-71,6
-54,-35,-49,-63,6
-63,-31,-52,-65,6
-57,-33,-49,-67,6
-60,-32,-49,-62,6
-73,-33,-50,-63,6
-64,-33,-50,-64,6
-60,-35,-41,-62,7
0,-35,-42,-62,7
-58,-31,-41,-62,7
-58,-35,-43,-57,7
-58,-30,-43,-57,7
-70,-32,-45,-57,7
-59,-34,-43,-63,7
-68,-32,-44,-61,7
-64,-33,-42,-63,7
-57,-31,-43,-64,7
-78,-37,-41,-65,7
-61,-45,-57,-54,7
-64,-43,-56,-50,7
-62,-44,-57,-51,7
-60,-49,0,-52,7
-62,-43,-57,-52,7
-62,-41,-57,-52,7
-61,-39,-55,-53,7
-63,-31,-55,-51,7
-57,-25,-61,-58,7
-61,-30,-59,-50,7
-62,-38,-63,-65,7
-63,-42,-64,-48,7
-71,-35,-55,-52,7
-56,-46,-58,-52,7
-54,-42,-53,-53,7
-72,-45,-54,-56,7
-64,-50,-52,-57,7
-64,-52,-53,-61,7
-60,-46,-48,-53,7
-69,-52,-50,-51,7
-62,-50,-51,-51,7
-67,-42,-52,-59,7
-56,-45,-49,-58,7
-64,-46,-56,-52,7
-62,-49,-51,-55,7
-62,-51,-49,-53,7
-58,-43,-57,-57,7
-57,-40,-51,-50,7
-55,-44,-52,-54,7
0,-49,-51,-63,7
-58,-48,-53,-54,7
-60,-44,-50,-58,7
-55,-51,-51,-60,7
-55,-41,-53,-54,7
-51,-41,-49,-57,7
-63,-34,-45,-58,7
-56,-43,-49,-59,7
-60,-37,-46,-61,7
-52,-40,-48,-65,7
-63,-41,-46,-64,7
-60,-40,-47,-56,7
-57,-39,-50,-65,7
-62,-36,-46,-60,7
-56,-35,-47,-64,7
-61,-37,-45,-69,7
-56,-41,-47,-62,7
-56,-42,0,-55,7
-55,-42,-47,-56,7
-62,-37,-47,-62,7
-61,-42,-42,-72,7
-54,-38,-46,-60,7
-54,-33,-46,-57,7
-56,-42,-44,-64,7
-54,-47,-45,-53,7
-59,-50,-45,-53,7
-53,-34,-47,-54,7
-64,-33,-45,-54,7
-54,-36,-47,-57,7
-62,-38,-48,-53,7
-60,-36,-51,-63,7
-62,-38,-51,-58,7
-58,-35,-49,-56,7
-64,-39,-53,-57,7
-63,-40,-51,-57,7
-60,-39,-51,-62,7
-63,-41,-50,-56,7
-63,-36,-47,-57,7
-60,-38,-50,-70,7
-55,-44,-50,-60,7
-56,-51,-49,-55,7
-61,-57,-46,-62,7
-59,-54,-49,-59,7
-65,-47,-50,-50,7
-65,-54,-47,-56,7
-58,-48,-51,-54,7
-62,-46,-49,-54,7
-57,-44,-51,-60,7
-60,-59,-48,-54,7
-56,-49,-46,-52,7
-56,-47,-47,-53,7
-57,-48,-48,-53,7
-54,-65,-48,-58,7
-56,-57,-50,-56,7
-66,-52,-44,-54,7
-69,-50,-50,-48,7
-62,-42,-53,-51,7
-62,-41,-52,-54,7
-67,-55,-49,-65,7
-58,-52,-50,-56,7
-58,-41,-51,-53,7
-61,-48,-55,-53,7
-73,-54,-51,-54,7
-63,-44,-54,-61,7
-72,-41,-49,-56,7
-75,-42,-54,-58,7
-73,-41,-54,-60,7
-74,-49,-50,-53,7
-67,-49,-54,-56,7
-64,-49,-51,-54,7
-69,-43,-51,-61,7
-69,-56,-47,-49,7
-60,-51,-49,-55,7
-56,-48,-49,-51,7
-61,-48,-50,-55,7
-61,-51,-52,-54,7
-58,-44,-50,-53,7
-70,-62,-51,-51,7
-61,-36,-52,-51,7
-62,-40,-52,-68,7
-58,-40,-55,-53,7
-62,-40,-51,-61,7
-64,-39,-62,-58,7
-63,-42,-50,-54,7
-59,-57,-55,-56,7
-56,-44,-53,-50,7
-55,-43,-50,-50,7
-78,-45,-50,-49,7
-58,-36,-49,-62,7
-73,-42,-53,-53,7
-62,-37,-54,-61,7
-57,-48,-49,-54,7
-62,-46,-51,-49,7
-64,-38,0,-57,7
-60,-33,-47,-61,7
-59,-36,-51,-64,7
-63,-38,-55,-45,7
-81,-36,-52,-50,7
-61,-54,-50,-54,7
-56,-43,-48,-53,7
-52,-41,-48,-59,7
-54,-39,-48,-63,7
-63,-41,-50,-58,7
-57,-41,-50,-59,7
-56,-40,-47,-54,7
-55,-40,-48,-75,7
-53,-37,-49,-57,7
-54,-35,-49,-62,7
-53,-31,-48,-57,7
-56,-33,-46,-56,7
-52,-34,-46,-57,7
-53,-34,-48,-57,7
-55,-35,-49,-57,7
-59,-33,-45,-58,7
-63,-33,-47,-57,7
-54,-34,-47,-64,7
-60,-35,-43,-59,7
-56,-35,-45,-60,7
-57,-32,-44,-64,7
-55,-35,-43,-64,7
-63,-36,-44,-73,7
-54,-38,-46,-61,7
-54,-39,-48,-57,7
-69,-33,-48,-66,7
-62,-36,-49,-65,7
-63,-35,-42,-67,7
-54,-36,-48,-63,7
-61,-35,-46,-64,7
-65,-34,-46,-61,7
-60,-34,-46,-66,7
-60,-34,-46,-64,7
-61,-38,-46,-60,7
-57,-33,-48,-55,7
-55,-36,-48,-55,7
-57,-33,-48,-57,7
-59,-34,-49,-52,7
-55,-34,-50,-65,7
-55,-33,-45,-57,7
-60,-33,-46,-60,7
-61,-33,-44,-72,7
-54,-33,-43,-63,7
-57,-33,-47,-64,7
-56,-31,-46,-67,7
-60,-34,-43,-57,7
-58,-33,-45,-61,7
-56,-33,-45,-60,7
-64,-34,-46,-63,7
-55,-34,-44,-57,7
-63,-33,-46,-66,7
-63,-38,-47,-63,7
-66,-37,0,-68,7
-66,-37,-49,-63,7
-70,-38,-46,-65,7
-75,-43,-44,-61,7
-67,-41,-44,-60,7
-74,-41,-44,-56,7
-69,-38,-44,-57,7
-72,-39,-43,-60,7
-65,-39,-43,-57,7
-67,-40,-43,-58,7
-64,-36,-51,-53,8
-64,-35,-50,-53,8
-64,-35,-53,-56,8
-65,-35,-53,-53,8
-67,-36,-52,-53,8
-66,-36,-51,-54,8
-63,-36,-51,-55,8
-65,-36,-51,-55,8
-67,-36,-51,-57,8
-65,-36,-51,-57,8
-64,-36,-51,-59,8
-71,-36,-51,-57,8
-65,-37,-50,-53,8
-62,-35,-53,-55,8
-61,-36,-50,-50,8
-62,-35,-50,-51,8
-60,-34,-52,-55,8
-63,-33,-51,-52,8
-65,-33,-53,-54,8
-63,-32,-53,-54,8
-61,-35,-53,-54,8
-63,-33,0,-53,8
-63,-31,-51,-53,8
-61,-31,-51,-54,8
-60,-30,-51,-53,8
0,-32,-51,-54,8
-61,-31,-52,-53,8
-62,-34,-52,-53,8
-63,-32,-52,-54,8
-63,-32,-51,-54,8
-66,-33,-50,-56,8
-64,-33,-51,-58,8
-66,-37,-51,-56,8
-63,-35,-51,-56,8
-63,-34,-51,-57,8
-63,-34,-52,-57,8
-64,-34,-51,-58,8
-67,-40,-51,-56,8
-63,-37,-52,-54,8
-63,-36,-50,-53,8
-68,-34,-51,-54,8
-63,-33,-51,-52,8
-63,-31,-53,-54,8
-62,-31,-52,-53,8
-63,-31,-53,-56,8
-64,-33,-50,-55,8
-63,-32,-51,-55,8
-67,-31,-53,-55,8
-68,-31,-53,-55,8
-67,-31,-52,-56,8
-64,-31,-53,-55,8
-54,-39,-54,-54,8
-54,-39,-49,-62,8
-58,-40,-44,-63,8
-61,-40,-49,-50,8
-55,-35,-47,-73,8
-58,-36,-51,-52,8
-57,-39,-49,-53,8
-55,-34,-49,-55,8
-63,-39,-54,-52,8
-54,-36,-51,-52,8
0,-38,-53,-73,8
-54,-39,-51,-54,8
-53,-38,-51,-54,8
-53,-40,-51,-50,8
-56,-38,-52,-57,8
-55,-38,-50,-55,8
-54,-39,-49,-51,8
-57,-35,-50,-52,8
-58,-34,-48,-62,8
-56,-38,-48,-59,8
-58,-36,-50,-57,8
-53,-39,-49,-57,8
-57,-39,-47,-58,8
-59,-41,-48,-55,8
-57,-36,-56,-52,8
-54,-36,-52,-56,8
-56,-35,-51,-58,8
0,-36,-50,-53,8
-53,-41,0,-61,8
-56,-41,-54,-61,8
-53,-40,-51,-56,8
-54,-43,-52,-57,8
-54,-40,-54,-65,8
-54,-41,-54,-62,8
-53,-37,-55,-61,8
-56,-40,-52,-66,8
-53,-38,-51,-62,8
-53,-39,-49,-60,8
-54,-41,-54,-57,8
-53,-40,-54,-60,8
-54,-41,-52,-66,8
-54,-38,-53,-67,8
-54,-37,-53,-63,8
-58,-39,-54,-55,8
-59,-40,-55,-54,8
-58,-43,-53,-56,8
-57,-45,-52,-65,8
-57,-44,-52,-68,8
-59,-40,-52,-64,8
-54,-37,-50,-52,8
-53,-37,-46,-56,8
-54,-34,-47,-64,8
-52,-34,-44,-56,8
-55,-35,-45,-57,8
-55,-36,-46,-57,8
-54,-35,-47,-73,8
-54,-37,-46,-68,8
-57,-39,-50,-63,8
-57,-40,-54,-51,8
-53,-34,-49,-61,8
-56,-34,-50,-52,8
-58,-36,-49,-53,8
-58,-34,-56,-54,8
-56,-36,-49,-53,8
-60,-36,-49,-53,8
-63,-35,-49,-53,8
-58,-36,-48,-53,8
-54,-38,-50,-50,8
-55,-36,-51,-52,8
-62,-36,-55,-57,8
-57,-34,-48,-52,8
-55,-35,-47,-55,8
-53,-34,-49,-54,8
0,-35,-45,-60,8
-55,-36,-45,-58,8
-54,-34,-48,-62,8
-54,-35,-46,-66,8
-54,-35,-47,-62,8
-55,-34,-46,-64,8
-54,-34,0,-63,8
-55,-36,-48,-68,8
-55,-37,-47,-63,8
-55,-37,-47,-66,8
0,-36,-47,-63,8
-61,-37,-52,-51,8
-54,-34,-51,-56,8
-54,-33,-50,-54,8
-55,-34,-50,-53,8
-53,-34,-49,-54,8
-55,-33,-50,-53,8
-55,-37,-53,-55,8
-53,-40,-51,-51,8
-56,-37,-50,-67,8
-57,-36,-55,-59,8
-54,-37,-49,-57,8
-53,-37,-52,-51,8
-58,-37,-49,-52,8
-58,-36,-46,-60,8
-53,-37,-46,-53,8
-63,-36,-49,-53,8
-64,-36,-48,-58,8
-68,-35,-49,-50,8
-56,-36,-46,-52,8
-54,-35,-52,-53,8
-57,-37,-50,-50,8
-57,-37,-44,-53,8
-55,-35,-47,-50,8
-55,-37,-50,-55,8
-53,-37,-43,-52,8
-54,-39,-52,-48,8
-55,-38,-53,-55,8
-53,-38,-55,-51,8
-58,-38,-52,-65,8
-54,-36,-58,-54,8
-56,-38,-54,-57,8
-57,-38,-57,-57,8
-56,-38,-55,-61,8
-56,-41,-54,-60,8
-61,-36,-49,-56,8
-57,-40,-53,-49,8
-58,-38,-50,-50,8
-61,-37,-49,-51,8
-60,-37,-49,-50,8
-63,-36,-50,-50,8
-63,-37,-53,-54,8
-60,-39,-53,-52,8
-58,-39,-54,-65,8
-61,-39,-52,-67,8
-60,-38,-53,-67,8
-57,-38,-54,-65,8
-55,-38,-53,-65,8
-58,-40,-53,-51,8
-57,-39,-53,-54,8
-49,-39,-48,-53,8
-54,-38,-53,-57,8
-56,-39,-53,-53,8
-54,-39,-55,-51,8
-56,-38,-53,-55,8
-53,-38,-54,-51,8
-54,-36,-52,-60,8
-52,-37,-52,-52,8
-55,-37,-55,-66,8
-52,-38,-54,-64,8
-52,-37,-50,-55,8
-52,-37,-49,-60,8
-51,-43,-49,-52,8
-54,-44,-52,-53,8
-55,-38,-54,-60,8
-78,-55,-52,-48,9
-73,-54,-52,-44,9
-76,-58,-53,-46,9
-66,-55,-53,-45,9
-63,-47,0,-46,9
-64,-57,-55,-41,9
-69,-63,-56,-40,9
-66,-53,-54,-46,9
-80,-56,-52,-46,9
-79,-45,-54,-45,9
-63,-45,-54,-44,9
-59,-47,-54,-47,9
-64,-48,-55,-43,9
-59,-45,-51,-43,9
-59,-50,-51,-43,9
-62,-52,-52,-44,9
-66,-52,-56,-44,9
-66,-52,-56,-45,9
-61,-45,-54,-44,9
-66,-56,-55,-47,9
-61,-40,-54,-41,9
-62,-39,-52,-43,9
-63,-43,-48,-43,9
-59,-42,-55,-43,9
-58,-42,-51,-45,9
-58,-43,-51,-44,9
-60,-43,-53,-47,9
-59,-41,-51,-44,9
-60,-40,-53,-48,9
-58,-42,-50,-45,9
-59,-41,-52,-49,9
-59,-43,-53,-43,9
-62,-41,-52,-44,9
-59,-43,-51,-47,9
-60,-43,-52,-46,9
-62,-43,-51,-49,9
-68,-42,-57,-44,9
-63,-43,-58,-45,9
-66,-41,-50,-46,9
-63,-41,-52,-46,9
-61,-42,-51,-47,9
0,-44,-53,-48,9
-71,-44,-51,-45,9
-58,-42,-54,-44,9
-70,-42,-58,-46,9
-59,-43,-52,-48,9
-58,-43,-52,-47,9
-59,-42,-51,-48,9
-59,-42,-51,-53,9
-58,-41,-53,-51,9
-60,-42,-51,-52,9
-60,-44,-52,-50,9
-66,-42,-54,-45,9
-61,-42,-50,-47,9
-63,-42,-50,-42,9
-59,-44,-50,-47,9
-60,-45,-47,-51,9
-60,-45,-51,-45,9
-65,-44,-55,-48,9
-57,-43,-61,-42,9
-62,-48,-57,-39,9
-66,-50,-53,-40,9
-67,-49,-54,-43,9
-68,-51,-65,-43,9
-71,-58,-58,-47,9
-69,-53,-57,-47,9
-72,-51,-55,-40,9
-64,-47,-57,-42,9
-65,-43,-55,-43,9
-68,-42,-63,-56,9
-69,-49,-52,-49,9
-62,-43,-54,-50,9
-62,-44,-54,-44,9
-67,-46,-52,-44,9
-70,-44,-54,-43,9
-62,-45,-51,-44,9
-62,-43,-59,-47,9
-71,-50,-53,-49,9
-70,-53,-50,-42,9
-71,-52,-53,-41,9
-72,-45,-55,-43,9
0,-46,-54,-41,9
-68,-48,-54,-40,9
-64,-42,-54,-39,9
-67,-47,-57,-41,9
-74,-50,-57,-41,9
-71,-49,-54,-41,9
-70,-47,-56,-41,9
-70,-48,-55,-40,9
-72,-48,-54,-40,9
-71,-52,-53,-39,9
-71,-53,-54,-41,9
-72,-45,-52,-43,9
-70,-46,-56,-42,9
-65,-50,-56,-41,9
-84,-51,-53,-42,9
-78,-52,-55,-42,9
-78,-51,-52,-41,9
-73,-49,-55,-42,9
-68,-48,-56,-40,9
-68,-47,-51,-39,9
-66,-43,-59,-39,9
-61,-47,-54,-38,9
-64,-50,-57,-40,9
-63,-53,-60,-44,9
-66,-47,-60,-44,9
-65,-45,0,-40,9
-71,-45,-59,-40,9
-68,-48,-54,-41,9
-71,-50,-64,-43,9
-72,-44,-52,-42,9
-70,-50,-56,-42,9
-83,-48,-53,-41,9
-73,-49,-54,-42,9
-58,-45,-55,-44,9
-65,-44,-54,-40,9
-57,-45,-57,-38,9
-59,-44,-57,-38,9
-69,-50,-55,-40,9
-63,-50,-57,-40,9
-65,-42,-48,-50,9
-66,-51,-48,-50,9
-64,-52,-48,-54,9
-77,-50,-57,-39,9
-71,-43,-54,-37,9
-61,-53,-57,-38,9
-74,-45,-55,-40,9
-70,-45,-56,-41,9
-61,-45,-58,-41,9
-60,-43,-54,-40,9
-63,-45,-60,-39,9
-58,-45,-54,-39,9
-58,-44,-68,-40,9
-69,-48,-57,-40,9
-75,-53,-59,-40,9
-67,-57,-53,-43,9
-66,-52,-52,-44,9
-64,-50,-53,-43,9
-65,-48,-52,-47,9
-62,-45,-53,-49,9
-64,-52,-58,-49,9
-67,-54,-65,-54,9
-61,-52,-59,-43,9
-61,-51,-61,-44,9
-63,-51,0,-44,9
-62,-50,-62,-42,9
-64,-52,-60,-42,9
-62,-52,-56,-43,9
-61,-54,-58,-42,9
-63,-63,-58,-43,9
-65,-60,-54,-43,9
-68,-60,-54,-43,9
-67,-54,-56,-41,9
-64,-50,-56,-42,9
-64,-49,-55,-43,9
-62,-52,-55,-44,9
-62,-47,-54,-46,9
-58,-48,-53,-42,9
-59,-50,-51,-42,9
-61,-49,-53,-44,9
-63,-51,-58,-43,9
-65,-50,-58,-44,9
-62,-69,-54,-44,9
-67,-55,-54,-45,9
-66,-49,-54,-49,9
-63,-63,-57,-44,9
-63,-61,-54,-43,9
-73,-51,-55,-46,9
-62,-49,-54,-43,9
-70,-51,-57,-53,9
-70,-52,-60,-58,9
-70,-54,-62,-45,9
-67,-52,-55,-45,9
-64,-47,-57,-42,9
-67,-51,-56,-42,9
-68,-52,-56,-43,9
-65,-55,-55,-43,9
-65,-58,-53,-42,9
-59,-51,-52,-44,9
-70,-51,-54,-44,9
-79,-53,-55,-44,9
-74,-50,-54,-41,9
-76,-50,0,-40,9
-78,-56,-54,-47,9
-70,-51,-55,-51,9
-65,-67,-53,-47,9
-67,-59,-52,-40,9
-66,-65,-53,-44,9
-61,-51,-53,-47,9
-66,-49,0,-53,9
-74,-49,-56,-54,9
-73,-48,-58,-43,9
-67,-53,-57,-42,9
-65,-53,-55,-45,9
-73,-57,-56,-44,9
-71,-62,-57,-48,9
-71,-51,-52,-43,9
-66,-48,-58,-41,9
-76,-51,-59,-54,10
-78,-54,-51,-48,10
-64,-55,-61,-42,10
-70,-62,-54,-51,10
-70,-49,-67,-51,10
-66,-63,-52,-41,10
-74,-64,-55,-48,10
-69,-57,-58,-44,10
-80,-51,-51,-41,10
-62,-54,-49,-42,10
-80,-50,-51,-46,10
-68,-70,-53,-46,10
-73,-60,-56,-50,10
-67,-52,-52,-52,10
-73,-52,-52,-49,10
-70,-60,-55,-47,10
-67,-52,-55,-40,10
-78,-54,-53,-42,10
-74,-66,-52,-62,10
-72,-62,-51,-40,10
-68,-60,-51,-41,10
-71,-51,-54,-43,10
-76,-66,-54,-42,10
-71,-54,-51,-42,10
-86,-58,-55,-41,10
-67,-61,-52,-41,10
-74,-56,-50,-52,10
-86,-60,-51,-45,10
-77,-62,0,-43,10
-81,-63,-54,-41,10
-80,-66,-54,-40,10
-78,-70,-58,-41,10
-74,-68,-55,-42,10
-81,-65,-66,-39,10
-71,-60,-64,-41,10
-73,-53,-64,-41,10
-80,-54,-67,-45,10
-72,-57,-64,-45,10
-75,-58,-67,-50,10
-78,-61,-55,-53,10
-74,-62,-65,-48,10
-79,-55,-61,-44,10
-74,-59,-57,-44,10
-67,-62,-65,-48,10
-76,-58,-65,-42,10
-66,-55,-54,-43,10
-76,-60,-57,-53,10
-77,-60,-55,-43,10
-73,-68,-57,-38,10
-75,-55,-52,-48,10
-81,-63,-56,-42,10
-75,-56,-57,-43,10
-85,-54,-53,-44,10
-82,-57,-50,-48,10
-70,-53,-53,-45,10
-74,-54,-53,-39,10
-78,-62,-52,-50,10
-75,-63,-51,-49,10
-85,-53,-52,-49,10
-87,-53,-50,-40,10
-74,-52,-50,-42,10
-78,-59,-52,-41,10
-80,-53,-52,-44,10
-79,-54,-52,-52,10
-76,-56,0,-47,10
-81,-65,-53,-49,10
-87,-71,-53,-50,10
-79,-54,-53,-50,10
-82,-55,-62,-49,10
-86,-60,-52,-47,10
-73,-55,-55,-40,10
-71,-56,-54,-43,10
-75,-57,-53,-42,10
-64,-55,-56,-39,10
-79,-52,-53,-51,10
-76,-51,-57,-49,10
-74,-51,-54,-50,10
-78,-60,-57,-56,10
-75,-58,-57,-50,10
-86,-60,-64,-56,10
-80,-53,-49,-44,10
-71,-55,-53,-53,10
-66,-56,-54,-43,10
-78,-58,-56,-49,10
-69,-63,-53,-45,10
-66,-56,-51,-47,10
-72,-65,-49,-50,10
-69,-67,-52,-44,10
-67,-73,-51,-41,10
-69,-65,-51,-38,10
-68,-59,-51,-40,10
-72,-59,-50,-43,10
-78,-59,-54,-50,10
-73,-57,-53,-49,10
-75,-56,-52,-41,10
-75,-55,-54,-47,10
0,-72,-58,-44,10
-82,-59,-53,-54,10
-83,-70,0,-40,10
-84,-59,-53,-52,10
-79,-60,-54,-54,10
-83,-60,-55,-50,10
-68,-64,-61,-46,10
-81,-58,-53,-52,10
-78,-57,-51,-48,10
-71,-58,-49,-53,10
-74,-67,-51,-48,10
-88,-65,-59,-48,10
-76,-59,-60,-47,10
-71,-58,-55,-49,10
-72,-61,-54,-51,10
-68,-65,-53,-45,10
-70,-66,-55,-43,10
-71,-67,-53,-49,10
-73,-57,-53,-47,10
-76,-59,-54,-60,10
-81,-60,-53,-50,10
-70,-66,-54,-49,10
-79,-65,-54,-48,10
-76,-61,-55,-61,10
-75,-58,-56,-42,10
-79,-61,-54,-43,10
-74,-58,-54,-50,10
-84,-62,-53,-50,10
-86,-60,-54,-49,10
-76,-59,-53,-43,10
-78,-65,-52,-46,10
-85,-64,-54,-44,10
-78,-68,-53,-52,10
-77,-59,-55,-54,10
-82,-63,-54,-44,10
-72,-68,-54,-46,10
-74,-65,-55,-49,10
-73,-64,-55,-51,10
-82,-64,-58,-58,10
-79,-58,-54,-44,10
-79,-55,-50,-48,10
-71,-58,-51,-47,10
-83,-60,-54,-47,10
-68,-57,-57,-47,10
-71,-56,-55,-46,10
-69,-57,-54,-52,10
-73,-55,-54,-51,10
-73,-69,-53,-51,10
-77,-56,-54,-46,10
-74,-65,-61,-51,10
-75,-55,-54,-64,10
-77,-55,-55,-46,10
-83,-55,-53,-47,10
-82,-53,-52,-51,10
-81,-53,-53,-50,10
-72,-59,-61,-48,10
-82,-60,-55,-45,10
-73,-58,-56,-47,10
-78,-62,-56,-46,10
-73,-58,-62,0,10
-76,-54,-54,-46,10
-88,-60,-55,-49,10
-77,-57,-53,-43,10
-74,-58,-50,-38,10
-75,-52,-51,-38,10
-70,-55,-52,-45,10
-71,-55,-52,-43,10
-74,-56,-51,-41,10
-76,-56,-53,-43,10
-70,-55,-50,-45,10
-81,-54,-51,-47,10
-83,-56,-52,-46,10
-80,-53,-55,-48,10
-72,-63,-53,-44,10
-75,-66,-52,-50,10
-81,-68,-54,-49,10
-85,-68,-53,-50,10
-77,-64,-53,-49,10
-80,-66,-55,-40,10
-76,-58,-53,-44,10
0,-65,-54,-42,10
-83,-66,-55,-48,10
-82,-66,-52,-51,10
-76,-62,-56,-46,10
-82,-66,-55,-44,10
-83,-66,-56,-46,10
-74,-64,-54,-43,10
-73,-57,-54,-49,10
-68,-62,-59,-50,10
-75,-68,0,-47,10
-75,-68,-63,-50,10
-75,-67,-59,-47,10
-67,-62,-57,-44,10
-70,-63,-58,-43,10
-73,-62,-59,-51,10
-73,-58,-62,-50,10
-70,-62,-65,-51,10
-74,-55,-56,-47,10
-75,-54,-49,-47,10
-86,-64,-53,-49,10
-70,-55,-52,-48,10
-74,-58,-51,-48,10
-79,-62,-54,-50,10
-70,-62,-51,-48,10
-68,-57,-66,-33,11
-68,-63,-70,-27,11
-69,-67,-63,-27,11
-67,-85,-70,-26,11
-68,-58,-60,-25,11
-65,-57,-64,-26,11
-74,-66,-64,-28,11
-67,-63,-67,-25,11
-74,-67,-65,-24,11
-66,-58,-67,-24,11
-72,-69,-68,-25,11
-65,-56,-64,-25,11
-70,-53,-62,-30,11
-76,-54,-59,-34,11
-75,-55,-61,-32,11
-72,-71,-62,-31,11
-70,-66,-69,-29,11
-67,-56,-67,-29,11
-69,-64,-66,-29,11
-69,-60,-66,-28,11
-73,-60,-67,-29,11
0,-63,-65,-30,11
-73,-55,-63,-28,11
-78,-52,-73,-29,11
-76,-53,-59,-35,11
-73,-54,-58,-34,11
-77,-54,-61,-36,11
-74,-55,0,-38,11
-72,-53,-64,-36,11
-76,-53,-65,-34,11
-74,-53,-66,-35,11
-74,-55,-65,-35,11
-77,-53,-63,-36,11
-77,-55,-61,-35,11
-75,-55,-62,-33,11
-77,-53,-62,-33,11
-69,-58,-62,-32,11
-78,-64,-67,-29,11
-78,-55,-62,-30,11
-79,-70,-62,-33,11
-70,-70,-68,-29,11
-74,-60,-64,-33,11
-70,-65,-63,-30,11
-76,-60,-63,-29,11
-71,-54,-66,-29,11
-73,-55,-63,-33,11
-75,-55,-65,-29,11
-80,-54,-64,-29,11
-73,-55,-65,-31,11
-70,-53,-61,-30,11
-70,-57,-60,-30,11
-69,-56,-61,-30,11
-70,-54,-62,-30,11
-72,-53,-62,-29,11
-71,-56,-60,-30,11
-69,-58,-60,-29,11
-75,-52,-61,-28,11
-80,-53,0,-30,11
-75,-53,-58,-33,11
-77,-60,-58,-33,11
-73,-54,-61,-32,11
-76,-53,-58,-35,11
-81,-51,-59,-31,11
-74,-55,-65,-32,11
-72,-59,-63,-29,11
-70,-72,-70,-30,11
-74,-55,-68,-29,11
-78,-54,-64,-30,11
-76,-53,-60,-32,11
-74,-59,-70,-33,11
-72,-58,-65,-31,11
-71,-54,-67,-33,11
-71,-54,-64,-30,11
-70,-55,-72,-29,11
0,-55,-66,-28,11
-74,-57,-67,-28,11
-70,-55,-65,-29,11
-70,-57,-66,-28,11
-71,-53,-67,-28,11
-74,-53,-63,-33,11
-72,-53,-65,-30,11
-73,-59,-65,-32,11
-73,-57,-66,-28,11
-74,-55,-66,-27,11
-71,-61,-64,-28,11
-69,-68,0,-28,11
-73,-66,-64,-28,11
-81,-74,-69,-28,11
-83,-71,-64,-28,11
-76,-59,-63,-29,11
-72,-58,0,-28,11
-72,-64,-64,-29,11
-72,-57,-65,-28,11
-72,-62,-64,-28,11
-68,-58,-64,-28,11
-69,-61,0,-29,11
-77,-56,-67,-31,11
-80,-54,-63,-29,11
-72,-54,-57,-34,11
-81,-52,-66,-33,11
-78,-55,-60,-36,11
-74,-57,-69,-38,11
-70,-60,-66,-46,11
-85,-55,-64,-35,11
-77,-53,-65,-36,11
-78,-56,-59,-38,11
-75,-56,-62,-40,11
-73,-63,-63,-51,11
-76,-68,-64,-48,11
-78,-64,-63,-48,11
-78,-65,-64,-42,11
-82,-53,-63,-49,11
-78,-53,-58,-54,11
-74,-54,-59,-47,11
-75,-56,-64,-43,11
-76,-58,-64,-46,11
-74,-65,-63,-47,11
-74,-55,-63,-44,11
-79,-59,-60,-41,11
-80,-64,-63,-43,11
-78,-55,0,-46,11
0,-60,-63,-41,11
-83,-65,-66,-41,11
-76,-57,-65,-48,11
-81,-58,-66,-43,11
-73,-56,-66,-43,11
-81,-59,-63,-43,11
-77,-59,-65,-42,11
-78,-58,-66,-37,11
-73,-58,-62,-36,11
-73,-58,-63,-38,11
-78,-63,-59,-38,11
-82,-59,-62,-35,11
-88,-61,-69,-33,11
-77,-55,0,-33,11
-64,-56,-63,-26,11
-63,-58,-66,-35,11
-87,-68,-61,-30,11
-75,-70,-61,-32,11
-74,-67,-59,-28,11
-72,-62,-68,-30,11
-74,-69,-63,-30,11
-71,-61,-62,-32,11
-72,-65,-65,-30,11
-76,-65,-63,-33,11
-76,-60,-67,-34,11
-76,-65,-66,-31,11
-75,-65,-61,-31,11
-65,-64,-60,-32,11
-72,-62,-64,-35,11
-71,-61,-63,-34,11
-77,-61,-60,-33,11
-76,-65,-63,-32,11
-71,-59,-61,-34,11
-65,-60,-64,-33,11
-66,-65,-64,-29,11
-72,-60,-64,-33,11
-72,-65,-63,-31,11
-73,-58,0,-33,11
-78,-60,-58,-36,11
-69,-65,-60,-31,11
-74,-59,-58,-41,11
-78,-57,-62,-35,11
-77,-59,-62,-36,11
0,-54,-64,-36,11
-76,-54,-62,-36,11
-80,-56,-60,-37,11
-75,-54,-63,-37,11
0,-66,-69,-38,11
0,-66,-66,-37,11
-74,-56,-69,-34,11
-70,-55,-64,-44,11
-70,-55,-61,-42,11
-72,-57,-62,-47,11
-88,-59,-63,-35,11
-82,-55,-64,-35,11
-69,-60,-62,-33,11
-69,-56,-72,-35,11
-74,-62,-64,-37,11
-75,-63,-68,-42,11
-71,-65,-64,-41,11
-73,-57,-59,-44,11
-70,-56,-61,-38,11
-76,-58,-65,-42,11
-83,-54,-61,-42,11
-77,-47,-58,-41,11
-74,-61,-58,-49,11
-72,-58,-63,-55,11
-69,-55,-61,-57,11
-68,-52,-61,-51,11
-69,-64,-63,-52,11
-70,-56,-58,-52,11
-71,-57,-64,-49,11
-68,-56,-60,-52,11
-71,-56,-60,-51,11
-74,-59,-63,-47,11
-71,-60,-63,-41,11
-69,-56,-63,-48,11
-69,-56,-62,-47,11
-70,-56,-67,-45,11
-79,-57,-62,-32,12
-88,-57,-65,-34,12
-78,-61,-65,-32,12
-89,-64,-67,-34,12
-69,-59,-68,-30,12
-80,-61,-75,-32,12
-77,-56,-64,-32,12
-78,-56,-73,-31,12
-82,-58,-70,-33,12
-78,-59,-76,-31,12
-82,-57,-80,-30,12
-79,-57,-75,-30,12
-83,-57,-74,-30,12
-81,-56,-79,-30,12
-75,-56,-72,-30,12
-85,-59,-72,-29,12
0,-56,-71,-30,12
-76,-56,-73,-30,12
-76,-57,-71,-32,12
-77,-58,-70,-31,12
-80,-59,-74,-31,12
-74,-58,-71,-33,12
-77,-55,-71,-31,12
-72,-54,-66,-30,12
-77,-54,-72,-29,12
-78,-54,-70,-28,12
-77,-53,-70,-29,12
-79,-54,-74,-27,12
0,-54,-70,-28,12
-78,-56,-71,-28,12
-76,-54,-70,-28,12
-76,-53,-65,-27,12
-84,-53,-67,-27,12
-79,-54,-65,-27,12
-73,-53,-71,-26,12
-78,-54,-67,-27,12
-78,-55,-67,-27,12
-80,-54,0,-27,12
-78,-54,-65,-27,12
-79,-54,-64,-27,12
-76,-54,-65,-27,12
-77,-55,-65,-27,12
-79,-55,-66,-28,12
-78,-55,-69,-28,12
-77,-56,-71,-29,12
-81,-55,-69,-28,12
-83,-56,-73,-28,12
-78,-56,-74,-29,12
-76,-55,-68,-29,12
-82,-57,-72,-29,12
-80,-56,-72,-29,12
-79,-57,0,-29,12
-76,-57,-68,-29,12
-76,-56,-70,-29,12
-80,-57,-70,-28,12
-77,-56,-68,-28,12
-80,-55,-67,-28,12
-77,-56,-73,-29,12
-72,-56,0,-29,12
0,-55,-69,-29,12
-79,-57,-76,-28,12
-77,-54,-68,-29,12
-77,-55,-68,-29,12
-77,-55,-65,-28,12
-78,-54,-67,-30,12
-81,-53,-63,-30,12
-90,-54,-68,-30,12
0,-53,-68,-30,12
-82,-54,-67,-28,12
-82,-55,-70,-29,12
-82,-55,-69,-30,12
-81,-54,-69,-30,12
-86,-54,-69,-29,12
-81,-55,-69,-30,12
-78,-54,-69,-30,12
-74,-51,-71,-29,12
0,-52,-69,-28,12
-77,-53,-69,-28,12
-76,-53,-72,-28,12
-75,-50,-69,-29,12
-79,-51,-64,-30,12
-76,-54,-72,-30,12
-77,-52,-66,-29,12
-77,-53,-67,-29,12
-75,-55,0,-32,12
-76,-53,-66,-33,12
-75,-52,-74,-31,12
-73,-54,-70,-28,12
-73,-55,-69,-30,12
-77,-54,0,-31,12
-74,-55,-70,-31,12
-76,-55,-72,-30,12
-75,-55,-70,-32,12
-72,-55,-72,-30,12
-74,-56,-71,-30,12
-74,-55,-66,-30,12
-74,-56,-66,-30,12
-77,-55,-69,-30,12
-73,-55,-65,-30,12
-75,-55,-66,-30,12
-77,-56,-69,-30,12
-73,-56,-67,-30,12
-75,-55,-66,-31,12
-74,-55,-66,-31,12
-75,-55,-69,-30,12
-75,-55,-69,-30,12
-73,-56,-67,-30,12
-72,-53,-67,-30,12
-75,-57,-67,-29,12
-74,-56,-69,-31,12
-78,-54,-72,-29,12
-76,-55,-73,-29,12
-73,-56,-74,-30,12
-75,-55,-75,-29,12
-69,-55,-75,-30,12
-74,-56,0,-30,12
0,-55,-72,-31,12
-72,-56,-73,-29,12
-73,-55,-77,-30,12
-72,-56,-68,-30,12
-74,-55,-72,-29,12
-76,-55,-68,-30,12
-79,-57,-72,-29,12
-79,-56,-72,-30,12
-76,-56,-76,-29,12
-77,-56,-65,-30,12
-75,-56,-67,-30,12
-76,-56,0,-30,12
-73,-53,-72,-33,12
-79,-55,-69,-33,12
-84,-57,-72,-31,12
-77,-57,-71,-30,12
-86,-55,0,-30,12
-81,-54,-74,-28,12
-76,-55,-64,-27,12
-79,-54,-67,-29,12
-78,-56,-66,-29,12
-74,-56,-64,-29,12
-79,-56,-65,-29,12
-77,-56,-68,-29,12
-77,-57,-69,-29,12
-76,-56,-69,-29,12
-76,-55,-68,-29,12
-75,-57,-69,-29,12
-76,-58,-75,-30,12
-77,-57,-74,-30,12
-76,-56,-67,-29,12
-77,-55,-69,-29,12
-75,-56,-69,-28,12
-76,-57,-66,-29,12
-77,-56,-69,-29,12
-74,-56,-67,-29,12
-76,-56,-69,-29,12
0,-60,-73,-29,12
-75,-56,-71,-29,12
-74,-56,-66,-29,12
-80,-56,-70,-29,12
-73,-55,-67,-28,12
-77,-56,-71,-29,12
-73,-57,-68,-29,12
-75,-56,-75,-29,12
-75,-56,-79,-29,12
-79,-57,-77,-29,12
-75,-55,-72,-29,12
-74,-56,-68,-28,12
-73,-56,-66,-28,12
-74,-54,-64,-28,12
-76,-55,-74,-29,12
-80,-59,-73,-30,12
-76,-59,-70,-31,12
-82,-60,-70,-32,12
-81,-61,-68,-33,12
-83,-60,-67,-34,12
-83,-63,-71,-32,12
-81,-59,-70,-33,12
-78,-61,-68,-33,12
-83,-55,-71,-32,12
-86,-62,-72,-28,12
-81,-63,-67,-34,12
-86,-62,-69,-33,12
-79,-60,-69,-33,12
-77,-62,-67,-33,12
-75,-56,-75,-33,12
-76,-59,-77,-30,12
-77,-58,-75,-30,12
-80,-60,-73,-30,12
-79,-60,-71,-33,12
-82,-57,-67,-34,12
0,-53,-69,-30,12
-77,-54,-71,-30,12
-77,-54,-70,-30,12
-78,-55,-70,-30,12
-80,-63,-68,-32,12
0,-62,-66,-33,12
-77,-66,-68,-34,12
-81,-62,-65,-33,12
-80,-60,-66,-33,12
-83,-55,-68,-33,12
-77,-53,-72,-33,12
-77,-58,-71,-33,12
